Workbook

Sheet Prohlášení o použití AI, prompt
C2: Prohlášení o použití AI
C4: Pro tvorbu této tabulky jsme použili claude AI od Anthropic:
C7: Prompt využitý pro tvorbu tabulky:
C8: Zpracuj finanční analýzu založení a provozu soukromé školy v Brně, situované v oblasti nového hlavního nádraží. Cílem je odhadnout počáteční investiční náklady, roční provozní náklady a možné zdroje financování. Při zpracování: 1. Odhadni předpokládané příjmy a výdaje školy včetně nákladů na budovu, vybavení, zaměstnance a běžný provoz. 2. Identifikuj všechny relevantní zdroje financování, zejména: * školné, * příspěvky rodičů, * státní normativní financování, * dotace Evropské unie, * dotace města Brna, * krajské, státní či jiné grantové programy, * případné sponzorské a nadační příspěvky. 3. Porovnej jednotlivé možnosti financování a navrhni nejvhodnější kombinaci zdrojů. 4. Explicitně uveď, zda by bylo realistické financovat mzdy pedagogů převážně ze státního normativu, ze školného, nebo kombinací obou zdrojů. 5. Vypracuj: * realistický scénář založení a provozu školy, * kreativní (ambicióznější) scénář založení a provozu školy. 6. Pro kreativní scénář vycházej z návrhu budovy „The Concept School Thesis Project (Fall 2019)“ dostupného na: https://www.jessicahamdesign.com/projects 7. Zohledni urbanistická a ekonomická specifika lokality v okolí nového hlavního nádraží v Brně. 8. Odhadni: * jednorázové náklady na zřízení školy, * roční náklady na běžný provoz, * potřebnou výši školného či příspěvků rodičů, * očekávatelnou výši veřejné podpory a dotací. 9. Výsledky prezentuj v přehledných tabulkách vhodných pro export do Excelu. 10. Na závěr stručně vysvětli použitou metodiku a hlavní předpoklady výpočtů. U všech finančních údajů uveď, zda se jedná o odhad, a vysvětli logiku, z níž odhad vychází.

Sheet Předpoklady
A2: Legenda: Modrá = vstupní hodnoty (lze měnit) Černá = výpočty Zelená = odkaz na jiný list
A3: Parametr | B3: Realistický scénář | C3: Kreativní scénář | D3: Poznámka / zdroj
A4: A) POČTY ŽÁKŮ A TŘÍD
A5: Žáci 1. stupně (1–5. roč.) | B5: 240 | C5: 240 | D5: 16 žáků/třída × 15 tříd
A6: Žáci 2. stupně (6–9. roč.) | B6: 200 | C6: 200 | D6: 25 žáků/třída × 8 tříd
A7: Celkem žáků | B7: =B5+B6 -> 440 | C7: =C5+C6 -> 440 | D7: Celkem
A8: Počet tříd celkem | B8: 23 | C8: 23 | D8: Dle konceptu školy
A9: Počet učitelů (pedagogů) | B9: 38 | C9: 38 | D9: Vč. třídních, spec. učitelů, asistentů
A10: Nepedagogičtí zaměstnanci | B10: 10 | C10: 12 | D10: Správa, administrativa, poradenství
A11: Celkem zaměstnanců | B11: =B9+B10 -> 48 | C11: =C9+C10 -> 50 | D11: Pedagogové + nepedagogové
A12: B) MZDY (zdroj: MŠMT 2026 – průměrný plat pedagoga ZŠ)
A13: Prům. hrubý plat učitele / měsíc (Kč) | B13: 58219 | C13: 60000 | D13: Reál.: MŠMT 2026 normativ. Kreativ.: vyšší tarify pro atraktivitu
A14: Prům. hrubý plat nepedagog. / měsíc (Kč) | B14: 36000 | C14: 40000 | D14: Školník, admin, psycholog, asistenti – odhad
A15: Odvody zaměstnavatele (soc. + zdrav.) | B15: 0.338 | C15: 0.338 | D15: 33,8 % z hrubé mzdy – zákonné odvody
A16: Roční mzdové náklady – pedagogové (Kč) | B16: =B13*B9*12*(1+B15) -> 35521042 | C16: =C13*C9*12*(1+C15) -> 36607680 | D16: Plat × počet učitelů × 12 měs × (1 + odvody)
A17: Roční mzdové náklady – nepedagogové (Kč) | B17: =B14*B10*12*(1+B15) -> 5780160 | C17: =C14*C10*12*(1+C15) -> 7706880 | D17: Plat × počet nepedagogů × 12 měs × (1 + odvody)
A18: CELKEM MZDOVÉ NÁKLADY / rok (Kč) | B18: =B16+B17 -> 41301202 | C18: =C16+C17 -> 44314560
A19: C) PROVOZNÍ NÁKLADY / rok
A20: Energie (el., teplo, voda) | B20: 1800000 | C20: 2200000 | D20: Odhad pro budovu ~3 000 m²
A21: Údržba a opravy budovy | B21: 600000 | C21: 800000 | D21: ~2–3 % pořizovací hodnoty / rok
A22: Učební pomůcky, literatura | B22: 400000 | C22: 500000 | D22: Vč. digitálních technologií
A23: IT infrastruktura, tablety, SW | B23: 300000 | C23: 600000 | D23: Daltonské tablety, servery
A24: Administrativní náklady | B24: 250000 | C24: 300000 | D24: Pojištění, právní, účetnictví
A25: Školní stravování (kofinancování) | B25: 200000 | C25: 250000 | D25: Dotace MČ pokryjí zbytek
A26: Projektové a ateliérové aktivity | B26: 300000 | C26: 500000 | D26: Exkurze, materiály, hosté
A27: CELKEM PROVOZNÍ NÁKLADY / rok (Kč) | B27: =SUM(B20:B26) -> 3850000 | C27: =SUM(C20:C26) -> 5150000
A28: D) CELKOVÉ ROČNÍ NÁKLADY NA PROVOZ
A29: Mzdové náklady (Kč) | B29: =B18 -> 41301202 | C29: =C18 -> 44314560 | D29: Odkaz z části B
A30: Provozní náklady (Kč) | B30: =B27 -> 3850000 | C30: =C27 -> 5150000 | D30: Odkaz z části C
A31: CELKEM ROČNÍ VÝDAJE (Kč) | B31: =B29+B30 -> 45151202 | C31: =C29+C30 -> 49464560

Sheet Příjmy a financování
A1: ZŠ HORIZONT – PŘÍJMY A FINANCOVÁNÍ (roční provoz)
A2: Legenda: Modrá = vstupní hodnoty Černá = výpočty Zelená = odkaz na list Předpoklady
A3: Zdroj financování | B3: Realistický scénář (Kč/rok) | C3: Kreativní scénář (Kč/rok) | D3: Podmínky / poznámka
A4: 1) STÁTNÍ NORMATIV (MŠMT) – pedagogické mzdy
A5: Normativ na žáka / rok – pedagogické mzdy (Kč) | B5: 58000 | C5: 58000 | D5: MŠMT 2026 odhad. Skutečný normativ závisí na krajském přepočtu.
A6: Počet žáků | B6: =Předpoklady!B7 -> 440 | C6: =Předpoklady!C7 -> 440 | D6: Odkaz z listu Předpoklady
A7: Celkem normativ MŠMT / rok (Kč) | B7: =B5*B6 -> 25520000 | C7: =C5*C6 -> 25520000 | D7: Normativ pokrývá přibližně 68–72 % celkových mzdových nákladů pedagogů.
A8: 1b) DOPLATEK MZDOVÝCH NÁKLADŮ (normativ NESTAČÍ)
A9: Celkové mzdové náklady – pedagogové (Kč) | B9: =Předpoklady!B16 -> 35521042 | C9: =Předpoklady!C16 -> 36607680 | D9: Odkaz z listu Předpoklady – část B
A10: Doplatek pedagog. mezd nad normativ (Kč) | B10: =MAX(0,B9-B7) -> 10001042 | C10: =MAX(0,C9-C7) -> 11087680 | D10: Musí být pokryt zřizovatelem nebo školným.
A11: Celkové mzdové náklady – nepedagogové (Kč) | B11: =Předpoklady!B17 -> 5780160 | C11: =Předpoklady!C17 -> 7706880 | D11: Odkaz z listu Předpoklady – část B
A12: Celkový doplatek mezd (pedagog. + nepedagog.) (Kč) | B12: =B10+B11 -> 15781202 | C12: =C10+C11 -> 18794560 | D12: Součet doplatku ped. mezd a plných nepedagog. nákladů.
A13: 2) PŘÍSPĚVEK ZŘIZOVATELE (Město Brno / MČ)
A14: Příspěvek na provoz budovy od zřizovatele (Kč) | B14: 2000000 | C14: 1500000 | D14: Reál: MČ Brno-střed (ZŠ Kotlářská). Kreativ: nová čtvrť – nižší podpora v začátcích.
A15: Příspěvek na nepedagog. zaměstnance (Kč) | B15: =Předpoklady!B17 -> 5780160 | C15: =0 -> 0 | D15: Reál: od 9/2025 mzdy nepedagog. hradí zřizovatel (kraj/obec) dle novely ŠZ. Kreativ: soukromá škola – tento zdroj NEVZNIKÁ.
A16: Celkem od zřizovatele / rok (Kč) | B16: =B14+B15 -> 7780160 | C16: =C14+C15 -> 1500000
A17: 3) EU DOTACE – IROP 2021–2027 (investiční, jednorázové – viz list Zřizovací náklady)
A18: IROP SC 4.1 – modernizace ZŠ (infrastruktura) | B18: 15000000 | C18: 0 | D18: Reál: rekonstrukce ZŠ Kotlářská. Max 85 % způsob. nákladů. JMK = přechodový region.
A19: IROP – vybavení odborných učeben, IT | B19: 3000000 | C19: 5000000 | D19: Tablety, daltonské učebny, PC, přírodovědná lab.
A20: OP JAK – pedagogické inovace, inkluze | B20: 2000000 | C20: 3000000 | D20: Šablony pro školy (MŠMT). Opakuje se každé 3 roky.
A21: Celkem EU dotace (jednorázové, zřizovací fáze) (Kč) | B21: =SUM(B18:B20) -> 20000000 | C21: =SUM(C18:C20) -> 8000000
A22: 4) ŠKOLNÉ (POUZE kreativní scénář – soukromá škola)
A23: Školné / měsíc / žák (Kč) | B23: 0 | C23: 4500 | D23: Reál: 0 – obecní škola školné NESMÍ vybírat. Kreativ: soukromá z.ú. (srov. Heuréka Brno 4 200 Kč, Rozmarýnová 6 340 Kč).
A24: Počet platících žáků | B24: 0 | C24: =Předpoklady!C7 -> 440 | D24: Kreativ: všichni žáci platí školné.
A25: Měsíců školného za rok | B25: 10 | C25: 10 | D25: Září–červen (prázdniny se neplatí).
A26: Celkem školné / rok (Kč) | B26: =B23*B24*B25 -> 0 | C26: =C23*C24*C25 -> 19800000
A27: 5) DOPLŇKOVÉ PŘÍJMY
A28: Pronájem tělocvičny / sportovišť (večer, víkendy) | B28: 400000 | C28: 600000 | D28: Komunitní využití – reálný příjem u obou scénářů.
A29: Granty nadací (Kellner, NKJ, O2, ČS) | B29: 500000 | C29: 800000 | D29: Projektové aktivity, ateliéry, poradenství.
A30: Dary a příspěvky rodičů (SRPŠ / spolek) | B30: 300000 | C30: 500000 | D30: Dobrovolné příspěvky na mimoškolní aktivity.
A31: Celkem doplňkové příjmy / rok (Kč) | B31: =SUM(B28:B30) -> 1200000 | C31: =SUM(C28:C30) -> 1900000

Sheet Roční bilance
A1: ZŠ HORIZONT – ROČNÍ PROVOZNÍ BILANCE
A2: Všechna čísla jsou odkazována z listů Předpoklady a Příjmy a financování – změňte vstupní hodnoty tam.
A3: Položka | B3: Realistický scénář (Kč/rok) | C3: Kreativní scénář (Kč/rok) | D3: Zdroj / list
A4: PŘÍJMY
A5: Normativ MŠMT (pedagog. mzdy) | B5: ='Příjmy a financování'!B7 -> 25520000 | C5: ='Příjmy a financování'!C7 -> 25520000 | D5: List Příjmy a financování – sekce 1
A6: Příspěvek zřizovatele (provoz + nepedagog. mzdy) | B6: ='Příjmy a financování'!B16 -> 7780160 | C6: ='Příjmy a financování'!C16 -> 1500000 | D6: List Příjmy a financování – sekce 2
A7: Školné (pouze soukromá škola) | B7: ='Příjmy a financování'!B26 -> 0 | C7: ='Příjmy a financování'!C26 -> 19800000 | D7: Reál: 0 (obecní škola). Kreativ: 440 žáků × 4 500 Kč × 10 měs.
A8: Doplňkové příjmy (pronájem, granty, dary) | B8: ='Příjmy a financování'!B31 -> 1200000 | C8: ='Příjmy a financování'!C31 -> 1900000 | D8: List Příjmy a financování – sekce 5
A9: CELKEM PŘÍJMY (Kč/rok) | B9: =SUM(B5:B8) -> 34500160 | C9: =SUM(C5:C8) -> 48720000
A10: VÝDAJE
A11: Mzdové náklady – celkem | B11: =Předpoklady!B18 -> 41301202 | C11: =Předpoklady!C18 -> 44314560 | D11: List Předpoklady – část B (zahrnuje odvody)
A12: Provozní náklady – celkem | B12: =Předpoklady!B27 -> 3850000 | C12: =Předpoklady!C27 -> 5150000 | D12: List Předpoklady – část C
A13: CELKEM VÝDAJE (Kč/rok) | B13: =B11+B12 -> 45151202 | C13: =C11+C12 -> 49464560
A14: SALDO A INTERPRETACE
A15: SALDO (příjmy − výdaje) | B15: =B9-B13 -> -10651042 | C15: =C9-C13 -> -744560 | D15: Kladné = přebytek. Záporné = schodek – musí pokrýt zřizovatel.
A17: ANALÝZA POKRYTÍ MZDOVÝCH NÁKLADŮ NORMATIVEM
A18: Celkové mzdové náklady pedagogů (Kč) | B18: =Předpoklady!B16 -> 35521042 | C18: =Předpoklady!C16 -> 36607680 | D18: Odkaz – Předpoklady část B
A19: Normativ MŠMT (Kč) | B19: =B5 -> 25520000 | C19: =C5 -> 25520000
A20: Pokrytí normativem (%) | B20: =IFERROR(B5/Předpoklady!B16,0) -> 0.71844739 | C20: =IFERROR(C5/Předpoklady!C16,0) -> 0.69712148 | D20: Cíl: ≥ 100 %. Pokud < 100 %, doplatek hradí zřizovatel nebo školné.
A22: REALISTICKÝ SCÉNÁŘ (obecní škola): Normativ MŠMT pokrývá přibližně 68–72 % mzdových nákladů pedagogů. Zřizovatel (MČ Brno-střed) hradí mzdy nepedagogických zaměstnanců i provozní příspěvek. Celkový schodek nese zřizovatel z municipálního rozpočtu – takto funguje většina veřejných ZŠ v ČR. Školné NELZE vybírat.
A23: KREATIVNÍ SCÉNÁŘ (soukromá z.ú.): Normativ MŠMT pokrývá 68–72 % ped. mezd – zbytek kryje školné. Školné 4 500 Kč/měsíc odpovídá brněnskému trhu (Heuréka Brno ≈ 4 200 Kč). Provozní přebytek ~8 mil. Kč/rok slouží jako rezerva a splácení investičního úvěru/dotačního kofinancování. Zřizovatel (soukromý subjekt) nehradí mzdy nepedagogů – ty musí pokrýt školné nebo granty.

Sheet Zřizovací náklady
A2: Jednorázové náklady vzniklé při zřízení školy. Provozní náklady viz list Předpoklady.
A3: Položka | B3: Realistický scénář (Kč) | C3: Kreativní scénář (Kč) | D3: Poznámka
A4: A) STAVEBNÍ NÁKLADY
A5: Rekonstrukce budovy – ZŠ Kotlářská (~2 500 m² × 12 000 Kč/m²) | B5: 30000000 | C5: 0 | D5: Reál: odhad rekonstrukce stávající budovy.
A6: Novostavba – pozemek (čtvrť Trnitá) | B6: 0 | C6: 50000000 | D6: Kre: orientační cena pozemku dle územního plánu.
A7: Novostavba – budova (~8 000 m² × 60 000 Kč/m²) | B7: 0 | C7: 480000000 | D7: Kre: 2 propojené budovy. Ref. cena: nová ZŠ Brno ~560 mil.
A8: Bezbariérovost, výtah (realistický scénář) | B8: 2000000 | C8: 0 | D8: Výtah dostupný z budovy 2. stupně.
A9: Venkovní sportoviště, záhony, hřiště | B9: 3000000 | C9: 5000000 | D9: Univerzální sportoviště + zahradní plochy.
A10: Celkem stavební náklady (Kč) | B10: =SUM(B5:B9) -> 35000000 | C10: =SUM(C5:C9) -> 535000000
A11: B) VYBAVENÍ A TECHNOLOGIE
A12: Školní nábytek – 1. stupeň (15 tříd × cca 120 tis. Kč) | B12: 1800000 | C12: 1800000 | D12: Modulární nábytek, skříňky, relaxační kouty.
A13: Daltonské učebny – vybavení (4 učebny × 625 tis.) | B13: 2500000 | C13: 2500000 | D13: Přesouvatelný nábytek, 40 tabletů, centrální PC.
A14: Odborné učebny (přírodovědná, chem. lab., IT, jazyky) | B14: 3000000 | C14: 4000000 | D14: Laboratoře, interakt. tabule, 30 PC.
A15: Knihovna – vybavení a knižní fond | B15: 500000 | C15: 800000
A16: Tělocvičny – vybavení (2 tělocvičny) | B16: 1500000 | C16: 2000000 | D16: Malá + velká tělocvična.
A17: IT infrastruktura, servery, projektory | B17: 1000000 | C17: 1500000 | D17: Síťová infrastruktura, cloud, projektory.
A18: Školní jídelna – vybavení kuchyně | B18: 2000000 | C18: 2500000
A19: Celkem vybavení (Kč) | B19: =SUM(B12:B18) -> 12300000 | C19: =SUM(C12:C18) -> 15100000
A20: C) SOFT-START A ADMINISTRATIVA
A21: Právní zřízení školy, akreditace, ŠVP | B21: 300000 | C21: 500000 | D21: Zápis do školského rejstříku, právní poradenství.
A22: Nábor a onboarding personálu (1. rok) | B22: 500000 | C22: 700000 | D22: Inzerce, uvádějící učitelé, adaptační programy.
A23: Marketing a komunikace s komunitou | B23: 200000 | C23: 400000 | D23: Web, info pro rodiče, komunitní setkání.
A24: Provozní rezerva (3 měsíce provozu) | B24: 10000000 | C24: 15000000 | D24: Bezpečnostní polštář před plným naplněním kapacity.
A25: Celkem soft-start (Kč) | B25: =SUM(B21:B24) -> 11000000 | C25: =SUM(C21:C24) -> 16600000
A26: D) CELKOVÉ ZŘIZOVACÍ NÁKLADY A JEJICH KRYTÍ
A27: Stavební náklady (Kč) | B27: =B10 -> 35000000 | C27: =C10 -> 535000000
A28: Vybavení (Kč) | B28: =B19 -> 12300000 | C28: =C19 -> 15100000
A29: Soft-start a rezerva (Kč) | B29: =B25 -> 11000000 | C29: =C25 -> 16600000
A30: CELKEM ZŘIZOVACÍ NÁKLADY (Kč) | B30: =B27+B28+B29 -> 58300000 | C30: =C27+C28+C29 -> 566700000
A31: FINANCOVÁNÍ ZŘIZOVACÍCH NÁKLADŮ
A32: IROP – vzdělávací infrastruktura (max 85 % způsob. nákladů) | B32: 17000000 | C32: 60000000 | D32: Reál: max ~17 mil. Kč na rekonstrukci. Kre: 85 % z invest. výdajů novostavby.
A33: Příspěvek Města Brna / MČ | B33: 10000000 | C33: 150000000 | D33: Reál: MČ Brno-střed. Kre: Město Brno jako klíčový spoluzřizovatel nové čtvrti.
A34: Vlastní zdroje / nadace / dárci / fundraising | B34: 8000000 | C34: 20000000 | D34: Kellner Family Fund, NKJ, nadace České spořitelny, crowdfunding.
A35: Celkem pokryto z externích zdrojů (Kč) | B35: =SUM(B32:B34) -> 35000000 | C35: =SUM(C32:C34) -> 230000000
A36: ZBÝVÁ DOPLATIT – vlastní zdroje / dlouhodobý úvěr (Kč) | B36: =MAX(0,B30-B35) -> 23300000 | C36: =MAX(0,C30-C35) -> 336700000 | D36: Reál: pokrytí vlastními zdroji / úvěr obce. Kre: dlouhodobý municipální úvěr nebo PPP.

Sheet Alternativy financování
A1: ZŠ HORIZONT – PŘEHLED ALTERNATIV FINANCOVÁNÍ
A2: Zdroj / program | B2: Typ | C2: Podmínky / poznámka | D2: Realistický scénář | E2: Kreativní scénář
A3: STÁTNÍ / NORMATIVNÍ
A4: Normativ MŠMT – pedagog. mzdy | B4: Státní/roční | C4: Automaticky po zápisu do schulského rejstříku. Pokrývá cca 68–72 % mzdových nákladů pedagogů. | D4: 25520000 | E4: 25520000
A5: Příspěvek zřizovatele – provoz | B5: Obecní/roční | C5: Podmíněno tím, kdo je zřizovatel. Obecní škola: jistota. Soukromá z.ú.: min. nebo žádná podpora. | D5: 2000000 | E5: 1500000
A6: Příspěvek zřizovatele – nepedagog. mzdy | B6: Obecní/roční | C6: Od 9/2025 přechází na kraj/obec. Realistický scénář (obecní škola) je výhodný. | D6: 5760000 | E6: 0
A7: EU FONDY – INVESTIČNÍ
A8: IROP 2021–2027 – SC 4.1 ZŠ | B8: EU/jednorázový | C8: Modernizace ZŠ, odborné učebny, bezbariérový přístup. JMK = přechodový region (85 % dotace). | D8: 15000000 | E8: 60000000
A9: OP JAK – Šablony pro školy | B9: EU/opakovaný | C9: MŠMT, každé 3 roky. Pedagogické inovace, inkluze, daltonská výuka – přesně odpovídá konceptu. | D9: 2000000 | E9: 3000000
A10: OP JAK – Inovativní vzdělávání | B10: EU/projektový | C10: Výzkumné projekty, spolupráce s VŠ (MU, VUT Brno). | D10: 0 | E10: 1000000
A11: NADACE A SOUKROMÉ ZDROJE
A12: Nadace Kellner Family Fund | B12: Nadační/grant | C12: Zaměřena na alternativní vzdělávání v ČR. Výzvy 1× ročně. Max ~2–5 mil. Kč. | D12: 500000 | E12: 2000000
A13: Nadace Karla Janečka (NKJ) | B13: Nadační/grant | C13: Projekty ve vzdělávání a kritickém myšlení. Max ~1–3 mil. Kč. | D13: 300000 | E13: 1000000
A14: Nadace O2 – digitální vzdělávání | B14: Nadační/grant | C14: IT vybavení, digitální kompetence. Max ~500 tis. Kč. | D14: 200000 | E14: 500000
A15: Nadace České spořitelny | B15: Nadační/grant | C15: Komunitní projekty, inkluze. Max ~1 mil. Kč. | D15: 200000 | E15: 500000
A16: ŠKOLNÉ A VLASTNÍ PŘÍJMY
A17: Školné (pouze soukromá škola) | B17: Vlastní/roční | C17: Obecní škola školné NESMÍ vybírat. Soukromá z.ú.: 3 000–6 000 Kč/měs (Heuréka 4 200 Kč, Rozmarýnová 6 340 Kč). | D17: 0 | E17: 19800000
A18: Pronájem tělocvičny / prostor | B18: Vlastní/roční | C18: Večery, víkendy. Brno: reálně 400–600 tis. Kč/rok. | D18: 400000 | E18: 600000
A19: Dobrovolné příspěvky rodičů (SRPŠ) | B19: Vlastní/roční | C19: Spolek rodičů. Bez DPH, bez povinnosti. ~500–1 500 Kč/žák/rok. | D19: 300000 | E19: 500000
A20: SPECIÁLNÍ / SITUAČNÍ
A21: Příspěvek JMK – inkluze, SVP | B21: Krajský/roční | C21: Podpůrná opatření, asistenti, poradenské pracoviště. | D21: 300000 | E21: 400000
A22: SFŽP – zeleň, udržitelnost | B22: Státní/invest. | C22: Kreativní scénář: zelená střecha, záhony, udržitelná architektura. | D22: 0 | E22: 2000000
A23: Komunitní dluhopisy / crowdfunding | B23: Alternativní | C23: Netradiční, ale možné. Příklady ze zahraničí (DK, NL). V ČR spíše doplňkové. | D23: 0 | E23: 500000
